{"Train Loss": 0.8737753550211589, "Val Loss": 0.9077993273735047, "_timestamp": 1719654033.242411, "_runtime": 8440.98864197731, "_step": 9, "_wandb": {"runtime": 8456}}