{"Train Loss": 0.8875887989997864, "Val Loss": 0.43472211360931395, "_timestamp": 1719673278.8422523, "_runtime": 6586.722010135651, "_step": 9, "_wandb": {"runtime": 6602}}